term,coef
intercept,-135.79433806768216
year,0.06982744476580202
win_pct,0.23237020317768445
log(win_pct_last_year),0.04964080705789893
Market Size,0.9573219880279853
